[
  {
    "id": 1,
    "name": "Item 1",
    "price": 175,
    "salePrice": 160,
    "discount": 50,
    "pictures": [
      {
        "small": "assets/images/product/small/headphone1/headphone1.png",
        "big": "assets/images/product/small/headphone1/headphone1.png"
      },
      {
        "small": "assets/images/product/small/headphone1/headphone2.png",
        "big": "assets/images/product/small/headphone1/headphone2.png"
      },
      {
        "small": "assets/images/product/small/headphone1/headphone3.png",
        "big": "assets/images/product/small/headphone1/headphone3.png"
      },
      {
        "small": "assets/images/product/small/headphone1/headphone4.png",
        "big": "assets/images/product/small/headphone1/headphone4.png"
      },
      {
        "small": "assets/images/product/small/headphone1/iTECH_1.png",
        "big": "assets/images/product/small/headphone1/iTECH_1.png"
      }
    ],
    "shortDetails": "Sed ut perspiciatis, unde omnis iste natus error sit voluptatem accusantium doloremque laudantium, totam rem aperiam eaque ipsa, quae ab illo inventore veritatis et quasi architecto beatae vitae dicta sunt, explicabo. Nemo enim ipsam voluptatem,",
    "description": "Lorem Ipsum is simply dummy text of the printing and typesetting industry. Lorem Ipsum has been the industrys standard dummy text ever since the 1500s, when an unknown printer took a galley of type and scrambled it to make a type specimen book.",
    "stock": 5,
    "brand": "Brand-1",
    "newPro": true,
    "sale": true,
    "category": "Headphones",
    "tags": [ "nike", "caprese", "lifestyle" ]
  },
  {
    "id": 2,
    "name": "Item 2",
    "price": 235,
    "salePrice": 200,
    "discount": 50,
    "pictures": [
      {
        "small": "assets/images/product/small/headphone2/headphone1.png",
        "big": "assets/images/product/small/headphone2/headphone1.png"
      },
      {
        "small": "assets/images/product/small/headphone2/headphone2.png",
        "big": "assets/images/product/small/headphone2/headphone2.png"
      },
      {
        "small": "assets/images/product/small/headphone2/headphone3.png",
        "big": "assets/images/product/small/headphone2/headphone3.png"
      },
      {
        "small": "assets/images/product/small/headphone2/headphone4.png",
        "big": "assets/images/product/small/headphone2/headphone4.png"
      },
      {
        "small": "assets/images/product/small/headphone2/iTECH_1.png",
        "big": "assets/images/product/small/headphone2/iTECH_1.png"
      }
    ],
    "shortDetails": "Sed ut perspiciatis, unde omnis iste natus error sit voluptatem accusantium doloremque laudantium, totam rem aperiam eaque ipsa, quae ab illo inventore veritatis et quasi architecto beatae vitae dicta sunt, explicabo. Nemo enim ipsam voluptatem,",
    "description": "Lorem Ipsum is simply dummy text of the printing and typesetting industry. Lorem Ipsum has been the industrys standard dummy text ever since the 1500s, when an unknown printer took a galley of type and scrambled it to make a type specimen book.",
    "stock": 5,
    "brand": "Brand-2",
    "newPro": true,
    "sale": true,
    "category": "Headphones"
  },
  {
    "id": 3,
    "name": "Item 3",
    "price": 350,
    "salePrice": 200,
    "discount": 50,
    "pictures": [
      {
        "small": "assets/images/product/small/headphone3/headphone1.png",
        "big": "assets/images/product/small/headphone3/headphone1.png"
      },
      {
        "small": "assets/images/product/small/headphone3/headphone2.png",
        "big": "assets/images/product/small/headphone3/headphone2.png"
      },
      {
        "small": "assets/images/product/small/headphone3/headphone3.png",
        "big": "assets/images/product/small/headphone3/headphone3.png"
      },
      {
        "small": "assets/images/product/small/headphone3/headphone4.png",
        "big": "assets/images/product/small/headphone3/headphone4.png"
      },
      {
        "small": "assets/images/product/small/headphone3/iTECH_1.png",
        "big": "assets/images/product/small/headphone3/iTECH_1.png"
      }
    ],
    "shortDetails": "Sed ut perspiciatis, unde omnis iste natus error sit voluptatem accusantium doloremque laudantium, totam rem aperiam eaque ipsa, quae ab illo inventore veritatis et quasi architecto beatae vitae dicta sunt, explicabo. Nemo enim ipsam voluptatem,",
    "description": "Lorem Ipsum is simply dummy text of the printing and typesetting industry. Lorem Ipsum has been the industrys standard dummy text ever since the 1500s, when an unknown printer took a galley of type and scrambled it to make a type specimen book.",
    "stock": 5,
    "brand": "Brand-1",
    "newPro": true,
    "sale": true,
    "category": "Headphones"
  }
]
